rank,target,id,mission,period_days,depth_ppm,prob_mean,prob_std,fold_disagree,current_disposition,n_followup,discovery_score,confirmed_after_training,vetting_figure
1,TOI-4328.01,TIC 77175217,TESS,703.79,602,0.9885,0.0059,0.0057,PC,5.0,0.3686,False,https://github.com/OliverDonaldson/exoplanet-hunter/blob/main/docs/figures/vetting/tic_77175217_p703.794.png
2,TOI-4324.01,TIC 408416746,TESS,6.25,770,0.9855,0.0075,0.0071,PC,13.0,0.1835,False,https://github.com/OliverDonaldson/exoplanet-hunter/blob/main/docs/figures/vetting/tic_408416746_p6.251.png
3,TOI-5489.01,TIC 468983280,TESS,3.15,1040,0.9836,0.0069,0.0065,PC,20.0,0.1275,True,https://github.com/OliverDonaldson/exoplanet-hunter/blob/main/docs/figures/vetting/tic_468983280_p3.152.png
4,TOI-783.01,TIC 451645081,TESS,8.11,1225,0.9835,0.0089,0.0086,PC,18.0,0.1393,False,https://github.com/OliverDonaldson/exoplanet-hunter/blob/main/docs/figures/vetting/tic_451645081_p8.113.png
5,TOI-5809.01,TIC 283471501,TESS,9.21,853,0.9832,0.0088,0.0084,PC,14.0,0.172,False,https://github.com/OliverDonaldson/exoplanet-hunter/blob/main/docs/figures/vetting/tic_283471501_p9.210.png
6,TOI-789.01,TIC 300710077,TESS,5.45,862,0.9827,0.0107,0.0104,PC,31.0,0.0858,False,https://github.com/OliverDonaldson/exoplanet-hunter/blob/main/docs/figures/vetting/tic_300710077_p5.447.png
7,TOI-4565.01,TIC 381897917,TESS,692.52,1810,0.9827,0.0094,0.0084,PC,18.0,0.1392,False,https://github.com/OliverDonaldson/exoplanet-hunter/blob/main/docs/figures/vetting/tic_381897917_p692.515.png
8,TOI-698.01,TIC 141527579,TESS,15.09,1912,0.9823,0.0103,0.01,PC,7.0,0.2917,False,https://github.com/OliverDonaldson/exoplanet-hunter/blob/main/docs/figures/vetting/tic_141527579_p15.087.png
9,TOI-4360.01,TIC 52307802,TESS,3.07,1979,0.9809,0.0083,0.0079,PC,2.0,0.5839,False,https://github.com/OliverDonaldson/exoplanet-hunter/blob/main/docs/figures/vetting/tic_52307802_p3.075.png
10,TOI-5169.01,TIC 350023518,TESS,8.04,738,0.9809,0.0089,0.0085,PC,13.0,0.1824,False,https://github.com/OliverDonaldson/exoplanet-hunter/blob/main/docs/figures/vetting/tic_350023518_p8.039.png
11,TOI-2495.01,TIC 33091590,TESS,7.8,2784,0.98,0.0091,0.0085,PC,25.0,0.1041,False,https://github.com/OliverDonaldson/exoplanet-hunter/blob/main/docs/figures/vetting/tic_33091590_p7.795.png
12,TOI-4353.01,TIC 176797879,TESS,718.18,974,0.9797,0.0096,0.009,PC,23.0,0.112,False,https://github.com/OliverDonaldson/exoplanet-hunter/blob/main/docs/figures/vetting/tic_176797879_p718.181.png
13,TOI-1245.01,TIC 229781583,TESS,4.82,1930,0.9796,0.0116,0.0113,PC,15.0,0.1614,False,https://github.com/OliverDonaldson/exoplanet-hunter/blob/main/docs/figures/vetting/tic_229781583_p4.820.png
14,TOI-2453.01,TIC 59128183,TESS,4.44,3376,0.9795,0.0086,0.0081,PC,21.0,0.1214,True,https://github.com/OliverDonaldson/exoplanet-hunter/blob/main/docs/figures/vetting/tic_59128183_p4.441.png
15,TOI-233.01,TIC 415969908,TESS,11.67,2784,0.9784,0.0119,0.0117,PC,60.0,0.046,False,https://github.com/OliverDonaldson/exoplanet-hunter/blob/main/docs/figures/vetting/tic_415969908_p11.670.png
16,TOI-2540.01,TIC 354518617,TESS,12.72,1144,0.9773,0.0114,0.0104,PC,40.0,0.0675,False,https://github.com/OliverDonaldson/exoplanet-hunter/blob/main/docs/figures/vetting/tic_354518617_p12.719.png
17,TOI-2009.01,TIC 243187830,TESS,1071.09,865,0.9772,0.0134,0.0127,PC,20.0,0.1258,False,https://github.com/OliverDonaldson/exoplanet-hunter/blob/main/docs/figures/vetting/tic_243187830_p1071.090.png
18,TOI-5711.01,TIC 441804533,TESS,16.3,1120,0.9771,0.0154,0.0149,PC,6.0,0.3208,False,https://github.com/OliverDonaldson/exoplanet-hunter/blob/main/docs/figures/vetting/tic_441804533_p16.304.png
19,TOI-5725.01,TIC 1042432,TESS,746.95,1671,0.9761,0.0121,0.0116,PC,9.0,0.2412,False,https://github.com/OliverDonaldson/exoplanet-hunter/blob/main/docs/figures/vetting/tic_1042432_p746.955.png
20,TOI-6858.01,TIC 201254754,TESS,3.3,1241,0.9759,0.0102,0.0095,PC,4.0,0.4143,False,
21,TOI-6981.01,TIC 443823169,TESS,425.45,4753,0.9758,0.0132,0.0119,PC,13.0,0.1808,False,
22,TOI-5715.01,TIC 147923561,TESS,6.28,633,0.9751,0.0129,0.0124,PC,8.0,0.2626,False,
23,TOI-714.01,TIC 219195044,TESS,4.32,977,0.9741,0.0124,0.012,PC,18.0,0.1375,False,
24,TOI-7390.01,TIC 160075684,TESS,81.37,924,0.974,0.0152,0.0146,PC,4.0,0.4113,False,
25,TOI-6716.01,TIC 112115898,TESS,4.72,1735,0.9733,0.0124,0.0113,PC,8.0,0.2625,True,
26,TOI-4572.01,TIC 154940895,TESS,13.48,1090,0.9733,0.014,0.0126,PC,10.0,0.2218,False,
27,TOI-5112.01,TIC 337385330,TESS,15.53,1236,0.9727,0.0136,0.0131,PC,7.0,0.288,False,
28,TOI-4643.01,TIC 270355392,TESS,5.03,650,0.9724,0.0127,0.012,PC,23.0,0.1109,False,
29,TOI-7049.01,TIC 337217173,TESS,40.38,6555,0.9721,0.0171,0.0164,PC,12.0,0.1912,False,
30,TOI-7695.01,TIC 319482278,TESS,7.27,176,0.9721,0.015,0.0146,PC,2.0,0.5747,False,
31,TOI-5998.01,TIC 370907864,TESS,9.34,1772,0.9718,0.0124,0.0119,PC,11.0,0.2058,False,
32,TOI-805.01,TIC 38460940,TESS,4.12,1948,0.9718,0.0139,0.0127,PC,10.0,0.2214,False,
33,TOI-5172.01,TIC 53287554,TESS,4.73,1418,0.9717,0.0129,0.0124,PC,14.0,0.1694,False,
34,TOI-873.01,TIC 237920046,TESS,5.93,1022,0.9715,0.0157,0.0151,PC,8.0,0.261,False,
35,TOI-702.01,TIC 237914496,TESS,3.57,907,0.9712,0.0114,0.0101,PC,9.0,0.2403,False,
36,K03444.01,KIC 5384713,Kepler,12.67,216,0.9708,0.0171,0.0162,CANDIDATE,,0.955,False,
37,TOI-6284.01,TIC 286763141,TESS,3.45,320,0.9702,0.0196,0.0188,PC,3.0,0.476,False,
38,TOI-2293.01,TIC 71347873,TESS,6.07,1743,0.9701,0.014,0.0134,PC,13.0,0.1795,False,
39,TOI-7052.01,TIC 22038430,TESS,2.89,412,0.9701,0.0151,0.0133,PC,8.0,0.2611,False,
40,K03034.01,KIC 2973386,Kepler,31.02,860,0.9694,0.0134,0.0126,CANDIDATE,,0.9571,False,
41,TOI-2077.01,TIC 230075227,TESS,6.12,322,0.9687,0.0205,0.0201,PC,11.0,0.2034,False,
42,TOI-7391.01,TIC 258776466,TESS,7.41,1258,0.9686,0.0152,0.0144,PC,4.0,0.4091,False,
43,TOI-2952.01,TIC 302527524,TESS,10.78,13750,0.9681,0.0154,0.0146,PC,7.0,0.2862,False,
44,TOI-7709.01,TIC 399789568,TESS,20.92,1933,0.968,0.0185,0.0175,PC,2.0,0.5706,False,
45,TOI-6713.01,TIC 428673146,TESS,2.15,138,0.9679,0.0128,0.0112,PC,8.0,0.261,False,
46,TOI-210.01,TIC 141608198,TESS,9.01,4125,0.9677,0.0127,0.0119,PC,4.0,0.4098,False,
47,TOI-4390.01,TIC 369345064,TESS,4.4,1622,0.9673,0.0194,0.0189,PC,1.0,0.7118,False,
48,TOI-722.01,TIC 38509907,TESS,15.3,1265,0.9671,0.0158,0.0152,PC,18.0,0.1361,False,
49,TOI-5084.01,TIC 438260486,TESS,5.83,274,0.967,0.0159,0.0152,PC,13.0,0.1786,False,
50,TOI-5974.01,TIC 354173595,TESS,1.73,1038,0.967,0.0171,0.0131,PC,16.0,0.1507,False,
51,TOI-1756.01,TIC 364074068,TESS,2.78,916,0.967,0.0135,0.0125,PC,10.0,0.2203,True,
52,TOI-5728.01,TIC 219875976,TESS,11.5,843,0.9665,0.0155,0.0148,PC,6.0,0.3174,True,
53,TOI-2105.01,TIC 156199502,TESS,15.92,653,0.9664,0.0209,0.0193,PC,10.0,0.2187,False,
54,TOI-2103.01,TIC 160491359,TESS,2.66,221,0.966,0.0152,0.0144,PC,9.0,0.238,False,
55,TOI-253.01,TIC 322063810,TESS,3.51,309,0.9658,0.0155,0.0148,PC,15.0,0.1586,False,
56,TOI-2094.01,TIC 356016119,TESS,18.79,1845,0.9656,0.0217,0.0208,PC,6.0,0.3152,True,
57,TOI-3485.01,TIC 394672497,TESS,11.84,770,0.965,0.0159,0.0149,PC,9.0,0.2376,False,
58,TOI-3913.01,TIC 155898758,TESS,4.04,8110,0.9649,0.0145,0.0132,PC,11.0,0.204,False,
59,TOI-1763.01,TIC 441739871,TESS,3.8,1501,0.9649,0.0143,0.0126,PC,7.0,0.2858,False,
60,TOI-1732.01,TIC 470987100,TESS,4.12,1237,0.9645,0.0134,0.0124,PC,14.0,0.1681,True,
61,TOI-6007.01,TIC 279922257,TESS,949.79,3029,0.9639,0.0179,0.0166,PC,7.0,0.2844,False,
62,TOI-213.01,TIC 234345288,TESS,23.52,1243,0.9638,0.0228,0.0223,PC,21.0,0.1178,False,
63,TOI-5033.01,TIC 318180448,TESS,5.47,1600,0.9627,0.0172,0.0162,PC,0.0,0.9472,False,
64,TOI-807.01,TIC 30853470,TESS,5.27,512,0.9623,0.018,0.0174,PC,4.0,0.4053,False,
65,TOI-4107.01,TIC 232632239,TESS,3.53,2450,0.9617,0.017,0.0164,PC,10.0,0.2183,False,
66,TOI-2072.01,TIC 900715901,TESS,3.17,970,0.9616,0.0201,0.0186,PC,18.0,0.1348,False,
67,TOI-5730.01,TIC 138820713,TESS,1.93,899,0.9616,0.0175,0.0166,PC,18.0,0.1351,False,
68,TOI-133.01,TIC 219338557,TESS,8.2,903,0.9616,0.0156,0.0143,PC,29.0,0.0889,False,
69,K06925.01,KIC 7868967,Kepler,12.95,331,0.9615,0.0198,0.0189,CANDIDATE,,0.9434,False,
70,TOI-2441.01,TIC 219175972,TESS,12.89,3521,0.9612,0.0222,0.0214,PC,17.0,0.1411,False,
71,TOI-5554.01,TIC 91287873,TESS,26.69,1854,0.9611,0.0238,0.0231,PC,8.0,0.2561,False,
72,TOI-4568.01,TIC 447088034,TESS,14.01,300,0.9608,0.0229,0.0224,PC,2.0,0.5636,False,
73,TOI-5140.01,TIC 175193677,TESS,15.61,520,0.9606,0.0264,0.0259,PC,10.0,0.2159,False,
74,TOI-1718.01,TIC 257241363,TESS,5.59,1907,0.9601,0.0259,0.0253,PC,22.0,0.1123,True,
75,TOI-797.01,TIC 271596225,TESS,1.8,623,0.9601,0.0142,0.0125,PC,29.0,0.0889,False,
76,TOI-3494.01,TIC 165827520,TESS,7.75,5125,0.9601,0.0205,0.0197,PC,15.0,0.1569,False,
77,TOI-6530.01,TIC 49066806,TESS,5.33,1795,0.9599,0.0196,0.0188,PC,1.0,0.7064,False,
78,TOI-4326.01,TIC 303586471,TESS,1826.08,587,0.9596,0.0241,0.0235,PC,5.0,0.3514,False,
79,TOI-5507.01,TIC 377097547,TESS,1.51,734,0.9595,0.0249,0.0229,PC,22.0,0.1125,False,
80,TOI-6310.01,TIC 353893493,TESS,3.35,1762,0.9593,0.0218,0.0207,PC,8.0,0.2562,False,
81,TOI-4424.01,TIC 326386495,TESS,17.74,880,0.9593,0.0195,0.0184,PC,5.0,0.3531,False,
82,TOI-4349.01,TIC 313889049,TESS,749.16,1751,0.9589,0.018,0.0171,PC,5.0,0.3534,False,
83,TOI-5532.01,TIC 318836983,TESS,5.65,1223,0.9588,0.0237,0.0226,PC,12.0,0.1874,True,
84,TOI-5949.01,TIC 64282927,TESS,1.88,337,0.9588,0.019,0.0182,PC,6.0,0.3138,False,
85,TOI-5519.01,TIC 443582629,TESS,5.85,1275,0.9585,0.0249,0.0233,PC,24.0,0.104,False,
86,TOI-4405.01,TIC 177254988,TESS,5.92,1222,0.9578,0.0236,0.0227,PC,6.0,0.312,True,
87,TOI-5981.01,TIC 120045750,TESS,7.01,1867,0.9577,0.0171,0.0161,PC,7.0,0.2827,False,
88,TOI-5572.01,TIC 9151337,TESS,5.86,1146,0.9576,0.0305,0.0296,PC,10.0,0.2144,False,
89,TOI-2429.01,TIC 420051632,TESS,7.08,592,0.9573,0.0223,0.0214,PC,15.0,0.1561,False,
90,TOI-5551.01,TIC 387974148,TESS,2.41,1279,0.9573,0.017,0.0156,PC,12.0,0.1885,False,
91,TOI-4596.01,TIC 86951294,TESS,4.12,722,0.9572,0.0259,0.0254,PC,9.0,0.2332,False,
92,K06276.01,KIC 2557350,Kepler,3.1,248,0.9571,0.0248,0.0237,CANDIDATE,,0.9345,False,
93,TOI-6299.01,TIC 285505979,TESS,4.71,2426,0.9569,0.028,0.0246,PC,29.0,0.0875,False,
94,TOI-235.01,TIC 280095254,TESS,10.09,2586,0.9568,0.0244,0.022,PC,12.0,0.1872,False,
95,TOI-1215.01,TIC 453260209,TESS,1.21,501,0.9566,0.0268,0.0256,PC,7.0,0.2796,False,
96,TOI-4317.01,TIC 422914082,TESS,358.28,1863,0.9566,0.023,0.0221,PC,23.0,0.1079,False,
97,TOI-2501.01,TIC 134471108,TESS,5.33,1502,0.9564,0.0221,0.0214,PC,4.0,0.4011,False,
98,TOI-5709.01,TIC 286813592,TESS,3.38,797,0.9564,0.0215,0.0206,PC,12.0,0.1873,False,
99,TOI-5584.01,TIC 29169215,TESS,18.63,1620,0.9562,0.0239,0.0232,PC,8.0,0.2547,False,
100,TOI-802.01,TIC 167303382,TESS,3.69,75,0.9561,0.0254,0.0247,PC,4.0,0.3996,False,
101,TOI-7062.01,TIC 23961340,TESS,10.51,1611,0.9558,0.0246,0.0238,PC,7.0,0.2799,False,
102,K06568.01,KIC 5353938,Kepler,6.28,166,0.9558,0.0192,0.0181,CANDIDATE,,0.9385,False,
103,TOI-7309.01,TIC 161687285,TESS,7.76,14454,0.9558,0.0157,0.0143,PC,2.0,0.5653,False,
104,TOI-6901.01,TIC 262928973,TESS,3.27,451,0.9558,0.0244,0.0237,PC,4.0,0.3999,False,
105,TOI-2142.01,TIC 44313455,TESS,9.3,1595,0.9557,0.0267,0.0259,PC,20.0,0.1214,False,
106,TOI-2016.01,TIC 219508169,TESS,6.82,1377,0.9556,0.0243,0.0238,PC,22.0,0.1119,False,
107,TOI-5814.01,TIC 427041513,TESS,6.25,1174,0.9555,0.0185,0.0173,PC,8.0,0.2561,False,
108,TOI-1746.01,TIC 232650365,TESS,2.53,1259,0.9554,0.0245,0.0218,PC,18.0,0.1335,False,
109,TOI-1082.01,TIC 261108236,TESS,16.35,2212,0.9551,0.0226,0.0211,PC,8.0,0.255,False,https://github.com/OliverDonaldson/exoplanet-hunter/blob/main/docs/figures/vetting/tic_261108236_p16.347.png
110,TOI-458.01,TIC 64071894,TESS,17.53,1132,0.9551,0.0261,0.0252,PC,20.0,0.1214,False,
111,TOI-6372.01,TIC 115899725,TESS,6.56,1396,0.955,0.0228,0.0199,PC,7.0,0.2808,False,
112,TOI-932.01,TIC 260417932,TESS,19.31,1223,0.955,0.0233,0.0226,PC,11.0,0.2,False,
113,TOI-5605.01,TIC 252469648,TESS,5.91,980,0.955,0.0199,0.0184,PC,8.0,0.2557,True,
114,TOI-4642.01,TIC 336961891,TESS,3.6,2230,0.9549,0.0438,0.0425,PC,17.0,0.1371,False,
115,TOI-2457.01,TIC 117799904,TESS,14.2,1859,0.9548,0.0216,0.0206,PC,10.0,0.2158,False,
116,TOI-5718.01,TIC 17932757,TESS,716.84,1563,0.9547,0.02,0.0189,PC,9.0,0.2342,False,
117,TOI-4614.01,TIC 408809625,TESS,13.83,8899,0.9546,0.0238,0.0205,PC,14.0,0.165,False,
118,TOI-1011.01,TIC 114018671,TESS,2.47,273,0.9544,0.0242,0.0231,PC,11.0,0.1998,True,https://github.com/OliverDonaldson/exoplanet-hunter/blob/main/docs/figures/vetting/tic_114018671_p2.471.png
119,TOI-6091.01,TIC 336255880,TESS,5.19,1497,0.954,0.0238,0.0229,PC,7.0,0.2796,False,
120,TOI-1741.01,TIC 198206613,TESS,10.94,440,0.954,0.0304,0.0296,PC,11.0,0.1984,False,
121,TOI-2133.01,TIC 39200363,TESS,3.83,1182,0.9538,0.0219,0.0206,PC,15.0,0.1557,True,
122,TOI-870.01,TIC 219229644,TESS,22.04,1208,0.9537,0.0227,0.0216,PC,10.0,0.2153,False,
123,TOI-438.01,TIC 468880077,TESS,5.81,958,0.9536,0.0334,0.0329,PC,27.0,0.0922,False,
124,TOI-249.01,TIC 179985715,TESS,6.62,1341,0.9535,0.0209,0.0199,PC,16.0,0.1476,False,
125,TOI-6850.01,TIC 9166136,TESS,6.08,1366,0.9533,0.0244,0.0233,PC,10.0,0.2149,False,
126,TOI-5526.01,TIC 335540507,TESS,10.86,1019,0.9532,0.0211,0.0202,PC,16.0,0.1475,False,
127,TOI-5737.01,TIC 229618478,TESS,19.45,1327,0.953,0.026,0.0247,PC,7.0,0.2788,False,
128,TOI-6873.01,TIC 67395329,TESS,18.82,984,0.9529,0.0282,0.0264,PC,6.0,0.3092,False,
129,TOI-4632.01,TIC 336075472,TESS,63.14,1697,0.9528,0.0199,0.0187,PC,9.0,0.2338,False,
130,TOI-6074.01,TIC 99896567,TESS,12.13,171,0.9526,0.0291,0.0283,PC,4.0,0.3967,False,
131,TOI-2291.01,TIC 236934937,TESS,9.41,1426,0.9526,0.0203,0.0187,PC,11.0,0.2003,False,
132,TOI-5525.01,TIC 345450130,TESS,2.75,1026,0.9525,0.0204,0.0174,PC,10.0,0.216,False,
133,TOI-1745.01,TIC 232635922,TESS,5.98,2584,0.9524,0.0257,0.0247,PC,11.0,0.1991,False,
134,TOI-7688.01,TIC 80429950,TESS,2.54,4895,0.9522,0.019,0.0179,PC,0.0,0.9351,False,
135,TOI-1748.01,TIC 233071926,TESS,1.83,403,0.9519,0.0167,0.0151,PC,11.0,0.2009,False,
136,TOI-1264.01,TIC 416195870,TESS,2.74,5650,0.9518,0.021,0.0201,PC,21.0,0.1166,False,
137,TOI-4561.01,TIC 33716474,TESS,8.94,421,0.9513,0.0243,0.0232,PC,2.0,0.5575,True,
138,TOI-6245.01,TIC 446157122,TESS,3.21,1439,0.951,0.0265,0.0247,PC,17.0,0.1391,False,
139,TOI-5735.01,TIC 157769780,TESS,2.12,1149,0.9509,0.0273,0.025,PC,9.0,0.2318,False,
140,TOI-1533.01,TIC 345143460,TESS,3.65,1168,0.9508,0.0272,0.0266,PC,24.0,0.1028,False,
141,TOI-5629.01,TIC 298437387,TESS,2.29,1410,0.9508,0.0192,0.0176,PC,18.0,0.1334,False,
142,K08012.01,KIC 10452252,Kepler,34.57,399,0.9505,0.026,0.0227,CANDIDATE,,0.9289,False,
143,TOI-2079.01,TIC 224298134,TESS,1.49,670,0.9503,0.0171,0.0154,PC,21.0,0.117,False,
144,TOI-6678.01,TIC 253864764,TESS,3.43,844,0.9503,0.0281,0.0266,PC,4.0,0.3964,False,
145,TOI-6832.01,TIC 8995204,TESS,5.14,862,0.9502,0.0199,0.0188,PC,8.0,0.2543,False,
146,TOI-5729.01,TIC 103605399,TESS,554.5,6059,0.9502,0.0242,0.023,PC,7.0,0.2785,False,
